category,article
Fire Tablets,"# Fire Tablets: An In-Depth Review and Recommendation

Fire Tablets from Amazon have become popular devices for reading, browsing, and streaming, thanks to their affordability and user-friendly interface. Available in various sizes and specifications, these tablets cater to a wide range of users—from avid readers to casual browsers. In this article, we'll explore the top products in the Fire Tablets category, highlight their strengths and weaknesses, and guide you on making an informed purchase.

## Top 3 Products

### 1. All-New Fire HD 8 Tablet, 8"" HD Display, Wi-Fi, 32 GB - Magenta
- **Why it stands out**: With an impressive average rating of 4.68/5 based on 40 reviews, this tablet has garnered praise for its clarity, size, and overall performance. It’s an excellent choice for those looking for a solid reading and browsing experience.
- **Key differences**: Compared to other models, the 32 GB storage offers ample space for apps and media, making it more versatile for users who want to download content.
- **Best suited for**: Avid readers and users who appreciate a robust tablet for both entertainment and productivity.

### 2. Fire HD 10 Tablet, 10.1 HD Display, Wi-Fi, 16 GB - Silver Aluminum
- **Why it stands out**: The Fire HD 10 boasts a 4.67/5 rating from 96 reviews, with many users appreciating its larger screen size and functionality. It serves as an excellent alternative for those considering higher-priced tablets.
- **Key differences**: Its larger 10.1-inch display enhances media consumption, making it ideal for watching videos and reading textbooks.
- **Best suited for**: Users seeking a multimedia experience without breaking the bank, especially students and casual viewers.

### 3. All-New Fire HD 8 Tablet, 8 HD Display, Wi-Fi, 16 GB - Blue
- **Why it stands out**: This model holds an average rating of 4.62/5 with 45 reviews. It’s recognized for its balance of price and performance, offering exceptional value for users looking for a basic tablet.
- **Key differences**: While it has less storage than the 32 GB model, it still provides a solid performance for casual use and reading.
- **Best suited for**: Budget-conscious users or those looking for a secondary device primarily for reading and browsing.

## Top Complaints

### 1. All-New Fire HD 8 Tablet, 8"" HD Display, Wi-Fi, 32 GB - Magenta
- **Common complaints**: There were no significant negative reviews for this product, indicating a high satisfaction rate among users.

### 2. Fire HD 10 Tablet, 10.1 HD Display, Wi-Fi, 16 GB - Silver Aluminum
- **Common complaints**: Some users reported issues with the SD card slot design, causing frustration with content access. Others faced problems with factory resets to retrieve content, suggesting potential software stability issues.

### 3. All-New Fire HD 8 Tablet, 8 HD Display, Wi-Fi, 16 GB - Blue
- **Common complaints**: Like the 32 GB version, there were no major complaints, showcasing its reliability and user satisfaction.

## Product to Avoid

The **Fire Kids Edition Tablet, 7 Display, Wi-Fi, 16 GB, Green Kid-Proof Case** has received a mixed reception, with an average rating of 4.52/5 based on 217 reviews. Customers expressed disappointment due to frequent charging issues and slow performance. One reviewer noted that the device wouldn’t charge at all, while others reported problems with app downloads and operational speed. These recurring issues have led many to seek alternatives, highlighting concerns about reliability and performance.

## Final Recommendation

For those in the market for a Fire Tablet, the **All-New Fire HD 8 Tablet (32 GB)** is an excellent choice for readers and general users who value performance and storage. If you prefer a larger display for videos and multitasking, the **Fire HD 10 Tablet** is worth considering, especially for students or casual users. Meanwhile, the **All-New Fire HD 8 Tablet (16 GB)** offers great value for budget-conscious individuals. Avoid the **Fire Kids Edition Tablet** unless you're specifically looking for a kid-friendly device that can withstand wear and tear, as its reliability has raised concerns among users."
Alexa Devices,"# Alexa Devices: A Comprehensive Recommendation Guide

In the rapidly evolving world of smart home technology, Alexa devices have emerged as essential tools for enhancing convenience and connectivity in our daily lives. From controlling smart home devices to answering questions and playing music, these devices offer a variety of features that cater to diverse user needs. Here, we explore the top-rated Alexa devices based on customer reviews, helping you make an informed choice for your smart home setup.

## Top 3 Products

### 1. Amazon Echo Plus w/ Built-In Hub - Silver
- **Why it stands out:** With an impressive average rating of 4.75/5 from 590 reviews, the Echo Plus is celebrated for its seamless integration with smart home devices, allowing users to control lights, thermostats, and more with simple voice commands.
- **Key differences:** Unlike other Echo models, the Echo Plus includes a built-in hub for connecting Zigbee-enabled devices directly, eliminating the need for additional hubs.
- **Best suited for:** This device is ideal for users looking to create an extensive smart home ecosystem, particularly those who value ease of use and comprehensive control.

### 2. Amazon Echo Show Alexa-enabled Bluetooth Speaker with 7"" Screen
- **Why it stands out:** The Echo Show boasts a solid average rating of 4.67/5 from 751 reviews and offers a unique combination of voice assistance and visual display, making it perfect for video calls, recipes, and more.
- **Key differences:** Its 7"" screen sets it apart from other Echo devices, providing visual feedback and enhancing user interaction, particularly for visual learners or families wanting to stay connected.
- **Best suited for:** This product is perfect for users who enjoy video content and want a multifunctional device that serves as both a speaker and a smart display.

### 3. Amazon Tap - Alexa-Enabled Portable Bluetooth Speaker
- **Why it stands out:** With a respectable average rating of 4.51/5 from 225 reviews, the Amazon Tap is celebrated for its portability and sound quality, making it a practical choice for on-the-go users.
- **Key differences:** Unlike the Echo and Echo Show, the Tap is a portable Bluetooth speaker that requires manual activation for Alexa, which may appeal to users seeking mobility over always-on features.
- **Best suited for:** This device is best for active users who want to enjoy music and Alexa features in various locations, such as the gym or outdoors.

## Top Complaints

### Amazon Echo Plus w/ Built-In Hub
- **Shipping Issues:** Some customers reported problems with bundled items not being included in their orders, leading to frustration with customer service.
- **Size Misconceptions:** A few users felt misled by sales staff regarding the necessity of purchasing the Echo Plus over smaller models, feeling they were sold something they didn't need.

### Amazon Echo Show
- **Setup Challenges:** Several users experienced difficulty during the setup process, particularly in receiving verification codes from Amazon, which can lead to frustration.
- **Limited Customization:** Reviewers expressed dissatisfaction with the lack of customization options for the display, feeling it limited their user experience.

### Amazon Tap
- **Voice Quality Concerns:** Users noted that the sound quality did not meet their expectations compared to similar-sized speakers, impacting their overall satisfaction.
- **Manual Activation:** The lack of an always-on feature was a drawback for many, as it contrasts with the convenience offered by other Echo devices.

## Product to Avoid

**Amazon Tap - Alexa-Enabled Portable Bluetooth Speaker**  
Despite its portability and sound capabilities, the Amazon Tap has garnered a number of complaints, particularly regarding voice quality and the inconvenience of having to manually activate Alexa. Customers found it frustrating that it didn't quite meet their expectations compared to other Echo devices. The manual activation requirement, in particular, diminished the convenience that many users seek in a smart speaker.

## Final Recommendation

For those looking to enhance their smart home experience, the **Amazon Echo Plus** is the top choice, particularly for users wanting a robust hub to control multiple smart devices. If you're drawn to visual content and want a multifunctional device, the **Echo Show** is an excellent option. However, if you're seeking a portable solution for music on the go, while the **Amazon Tap** offers mobility, be mindful of its limitations and consider other options first. Each device serves a unique purpose, ensuring there's an Alexa product tailored to your needs."
E-Readers & Accessories,"# E-Readers & Accessories: Your Guide to the Best Options

The world of e-readers and accessories has exploded in popularity, providing a convenient way for book lovers to enjoy their favorite reads on-the-go. With advancements in technology, these devices offer features that enhance the reading experience, from glare-free displays to long battery life. This guide will help you navigate some of the top options available, ensuring you find the perfect e-reader for your needs.

## Top 3 Products

### 1. Amazon Kindle Voyage - 4GB - Wi-Fi + 3G - Black
- **Why it stands out:** The Kindle Voyage is praised for its exceptional reading experience, particularly in bright sunlight, making it ideal for avid readers who enjoy outdoor reading.
- **Key differences from the others:** It boasts a high-resolution display with adaptive front lighting, allowing for comfortable reading in various lighting conditions. The pressure-sensitive page turn buttons enhance usability.
- **Best suited for:** This product is perfect for serious readers who prioritize advanced features and are willing to invest in a premium e-reader.

### 2. Amazon Kindle Voyage - 6"" - 4GB - Black
- **Why it stands out:** Similar to its counterpart, this Kindle Voyage model is lightweight and compact, making it easy to carry around. It also features adjustable lighting for different reading environments.
- **Key differences from the others:** This model focuses on providing a great reading experience without the added 3G functionality, making it a more budget-friendly option while retaining the essential features.
- **Best suited for:** Ideal for users who want a high-quality reading experience without the extra cost of cellular connectivity.

### 3. Amazon 9W PowerFast Official OEM USB Charger and Power Adapter
- **Why it stands out:** This charger is specifically designed for Kindle e-readers and Fire tablets, providing fast charging capabilities that many users appreciate.
- **Key differences from the others:** Unlike e-readers, this product is an accessory that addresses charging needs, ensuring your device is powered up quickly and efficiently.
- **Best suited for:** Perfect for Kindle owners who travel frequently and need a reliable, fast charger to keep their devices ready for use.

## Top Complaints

### 1. Amazon Kindle Voyage - 4GB - Wi-Fi + 3G - Black
- **Complaints:** There were no significant complaints reported, indicating a high level of customer satisfaction.

### 2. Amazon Kindle Voyage - 6"" - 4GB - Black
- **Complaints:** Some users reported issues with software updates leading to device lock-ups and recommended avoiding updates to keep the device functional.

### 3. Amazon 9W PowerFast Official OEM USB Charger
- **Complaints:** A few users mentioned difficulties with other charging blocks before finding success with this one, suggesting it may not work universally with all devices.

## Product to Avoid

### Amazon Kindle E-Reader 6"" Wifi (8th Generation, 2016)
This product had a lower average rating of 4.41/5 and received multiple complaints regarding battery issues and the lack of backlighting. Customers expressed disappointment over rapidly dying batteries and the inability to adjust brightness, which led some to feel misled about the product's capabilities. Many opted to return it in favor of the more advanced Paperwhite model, emphasizing that the basic features did not meet their expectations.

## Final Recommendation

In summary, if you're looking for the best reading experience and are willing to invest, the Kindle Voyage (4GB) is a standout choice. For those who want similar features at a lower price point, the Kindle Voyage (6"") is a solid option. Lastly, the Amazon 9W PowerFast Charger is an essential accessory for Kindle users who need quick charging solutions. Avoid the 8th Generation Kindle if you're seeking reliability and advanced features, as many customers found it lacking in crucial areas. Happy reading!"
E-Readers Premium,"# E-Readers Premium: A Comprehensive Guide

The E-Readers Premium category is designed for avid readers who seek a superior reading experience. These devices combine high-resolution displays, lightweight designs, and advanced features to enhance the joy of reading. With a variety of options available, let’s take a closer look at the top contenders that stand out in this category.

## Top 3 Products

### 1. Kindle Oasis E-reader with Leather Charging Cover - Black
**Why it stands out:** With an impressive average rating of 4.78/5 from 32 reviews, the Kindle Oasis in black is celebrated for its lightweight and convenient design. Users rave about its high-resolution display that provides a uniform reading experience and fast performance.

**Key differences:** The black version offers a sleek, classic look with a subtle touch of elegance, making it a favorite among readers who appreciate simplicity and function.

**Best suited for:** This model is ideal for users who value performance and ease of use, especially those who read extensively and appreciate a lightweight device.

### 2. Kindle Oasis E-reader with Leather Charging Cover - Merlot
**Why it stands out:** The Merlot version has an impressive average rating of 4.67/5 from 24 reviews and is noted for its clear display, even in bright sunlight, and quick wake-up time. Many users appreciate the comfortable hold during long reading sessions.

**Key differences:** The Merlot color adds a touch of style, and many users find the attractive leather cover enhances their overall reading experience. Additionally, it includes features like note-taking and highlighting capabilities.

**Best suited for:** This model is perfect for users who enjoy reading outdoors or engaging in long reading sessions and prefer a stylish design that stands out.

### 3. Kindle Oasis E-reader with Leather Charging Cover - Both Models
**Why it stands out:** Both the black and Merlot versions of the Kindle Oasis share similar performance metrics, boasting exceptional features like a high-resolution display and long battery life, with slight variations in aesthetics.

**Key differences:** The primary difference lies in color and material preferences, allowing users to choose based on their style while enjoying the same core functionalities.

**Best suited for:** Both models cater to readers who prioritize functionality and stylish design, making them suitable for book lovers of all kinds.

## Top Complaints

### Kindle Oasis E-reader with Leather Charging Cover - Black
- **Not a significant upgrade:** Some users voiced disappointment, stating that their older Kindle models outperformed the Oasis, leading them to question the benefits of upgrading.
- **Battery life concerns:** Reviews pointed out that the battery life, while praised by some, does not meet expectations for heavy users, especially with higher light settings.
  
### Kindle Oasis E-reader with Leather Charging Cover - Merlot
- **Design flaws:** Similar to the black model, negative reviews highlighted the weak magnetic connector, which often unsnapped and required users to manage two components.
- **Battery life issues:** Users echoed concerns about the battery life, noting that it did not last as long as advertised, particularly when used frequently.

## Product to Avoid

Based on the negative reviews, while both Kindle Oasis models perform admirably, several users expressed disappointment regarding the magnetic connector design. Although not a standalone product to avoid, these complaints suggest that customers should be cautious if they are particular about device durability and battery performance.

## Final Recommendation

For those seeking a premium e-reader experience, the Kindle Oasis in either color is an excellent choice. The black model is perfect for users who prefer a classic look, while the Merlot version caters to those wanting a stylish reading companion. Both models are ideal for avid readers, though potential buyers should consider their usage habits, particularly regarding battery life and design preferences. If you prioritize performance and ease of use, you’ll find satisfaction in either option—just keep in mind the design flaws and battery expectations as you make your decision."
